latitude,longitude,elevation in feet,key saddle latitude,key saddle longitude,prominence in feet,isolation latitude,isolation longitude,isolation in km
0.6539,0.7257,4461,0.6320,0.7413,2545,0.6507,0.7525,3.003500
0.6111,0.0835,6536,0.7319,0.0710,2697,0.7499,0.0193,17.002953
0.7851,0.7009,4950,0.7791,0.6920,2189,0.7874,0.7233,2.500863
0.7976,0.6794,4986,0.7972,0.6862,2288,0.7607,0.6988,4.630929
0.2715,0.6502,3624,0.2641,0.6362,2586,0.2566,0.6260,3.150420
0.5276,0.6720,3716,0.5419,0.6609,803,0.5539,0.6793,3.038530
0.1892,0.0341,3080,0.2276,0.0692,1899,0.1685,0.0330,2.297167
0.7590,0.5571,5666,0.7718,0.5561,4119,0.7810,0.5478,2.653671
0.6141,0.0199,5193,0.5900,0.0000,426,0.6366,0.0335,2.922028
0.7457,0.4994,5038,0.7487,0.4944,3569,0.7504,0.4886,1.306136
0.1475,0.6395,2717,0.1538,0.6337,2497,0.1551,0.6265,1.681356
0.7738,0.0148,6412,0.7614,0.0217,4308,0.7499,0.0193,2.703409
0.8038,0.7507,5296,0.7950,0.7498,3563,0.7864,0.7490,1.934558
0.6690,0.6333,4200,0.6507,0.6375,2044,0.6694,0.6487,1.706290
0.0584,0.0577,3633,0.0566,0.0595,1987,0.0550,0.0622,0.624364
0.7100,0.8069,3933,0.7112,0.7918,3276,0.7131,0.7755,3.500766
0.2078,0.5298,4190,0.2350,0.5297,918,0.1919,0.5677,4.567786
0.6942,0.7338,4658,0.6652,0.7514,2467,0.6972,0.7191,1.670757
0.2633,0.5558,4267,0.2705,0.5545,1413,0.2767,0.5537,1.513300
0.2440,0.4846,4205,0.2613,0.4955,834,0.2476,0.4817,0.519459
0.7698,0.4864,5153,0.7735,0.4842,1015,0.7708,0.4960,1.071628
0.1676,0.4183,3848,0.1628,0.4072,170,0.1545,0.3966,2.818359
0.7807,0.3111,4190,0.7722,0.3044,2022,0.7723,0.3385,3.177150
0.3200,0.0320,4289,0.3144,0.0261,803,0.3130,0.0213,1.417096
0.7103,0.7645,4711,0.7130,0.7624,3525,0.7156,0.7604,0.746215
0.6993,0.4768,5287,0.6929,0.4759,274,0.7012,0.4803,0.445720
0.3300,0.3297,4220,0.3419,0.3380,1997,0.3520,0.3383,2.616507
0.6507,0.7525,4798,0.6939,0.7249,2690,0.6972,0.7191,6.366927
0.3639,0.4745,5030,0.3615,0.4746,109,0.3590,0.4745,0.542648
0.0581,0.5528,2974,0.0578,0.5530,2653,0.0576,0.5532,0.074405
0.6797,0.0031,5023,0.6753,0.0078,2303,0.6977,0.0228,2.966778
0.2979,0.0470,3716,0.3049,0.0467,2338,0.2874,0.0421,1.281214
0.2819,0.3011,3192,0.2834,0.3078,3121,0.2813,0.3133,1.365738
0.8028,0.4409,6443,0.7703,0.4795,2329,0.7940,0.3999,4.660759
0.7554,0.4408,6525,0.7800,0.3224,4622,0.8033,0.2381,23.139648
0.3501,0.0252,5404,0.3770,0.0208,2207,0.3812,0.0326,3.550917
0.2874,0.0421,3976,0.2951,0.0416,2658,0.3023,0.0257,2.463648
0.6500,0.8076,3515,0.6567,0.8009,2687,0.6446,0.7840,2.693896
0.6465,0.2642,5171,0.6444,0.2602,955,0.6429,0.2549,1.109338
0.2878,0.5458,4449,0.2813,0.5519,648,0.2977,0.5383,1.390524
0.3713,0.5871,3862,0.3680,0.5816,3275,0.3676,0.5754,1.371285
0.3965,0.5221,4755,0.3849,0.5263,3114,0.3837,0.5252,1.465151
0.3033,0.6460,2796,0.3192,0.6665,2299,0.2715,0.6502,3.571456
0.7457,0.0324,6046,0.7479,0.0259,1973,0.7499,0.0193,1.537689
0.3137,0.0536,3945,0.3159,0.0605,2168,0.3167,0.0674,1.575915
0.7166,0.5985,4957,0.7260,0.6050,732,0.7064,0.5817,2.184793
0.6620,0.6131,3947,0.6635,0.6130,1970,0.6594,0.6140,0.297890
0.7253,0.7363,4802,0.7317,0.7357,286,0.7384,0.7341,1.483463
0.6694,0.6487,4696,0.6732,0.6533,2398,0.6981,0.6564,3.309201
0.2814,0.0408,3776,0.2851,0.0416,1981,0.2874,0.0421,0.682672
0.8033,0.2381,6531,0.6551,0.1567,2973,0.7499,0.0193,25.037369
0.3769,0.0111,5331,0.3503,0.0232,2108,0.3812,0.0326,2.441560
0.4806,0.0132,6040,0.4810,0.0187,4232,0.4842,0.0220,1.064960
0.6315,0.0957,5825,0.6275,0.0983,3186,0.6254,0.0998,0.823372
0.2563,0.0704,2291,0.2512,0.0692,1257,0.2328,0.0843,3.037628
0.0493,0.5682,2836,0.0460,0.5662,570,0.0538,0.5616,0.876906
0.5175,0.0660,5813,0.5057,0.0557,549,0.5066,0.0419,2.933646
0.4351,0.5484,3601,0.4276,0.5440,1525,0.4210,0.5407,1.787060
0.1165,0.0070,3405,0.1173,0.0113,1367,0.1190,0.0151,0.945319
0.3393,0.4189,4856,0.3366,0.4273,1397,0.3310,0.3779,4.645064
0.6685,0.1187,5392,0.6651,0.1071,353,0.6586,0.1382,2.424768
0.0509,0.1517,2254,0.0713,0.1595,1137,0.0500,0.1212,3.389086
0.3310,0.3779,4981,0.3253,0.3758,1095,0.3098,0.3594,3.129958
0.5615,0.8023,2936,0.5737,0.7912,1583,0.5827,0.7841,3.099515
0.4607,0.7141,1712,0.4676,0.7168,1029,0.4731,0.7209,1.569447
0.3982,0.7258,2076,0.3874,0.7239,279,0.3823,0.7188,1.938610
0.6527,0.2265,5826,0.6525,0.2206,303,0.6485,0.2091,1.989911
0.4084,0.7010,2754,0.3960,0.6983,882,0.4131,0.6933,1.005713
0.4460,0.6615,1840,0.4508,0.6703,133,0.4398,0.6536,1.113983
0.2597,0.4473,4411,0.2624,0.4408,926,0.2462,0.4474,1.504022
0.5196,0.0190,5821,0.5239,0.0254,869,0.5336,0.0329,2.191441
0.1992,0.4309,3684,0.2060,0.4224,1427,0.2159,0.4156,2.520480
0.3813,0.5723,4284,0.3768,0.5748,1187,0.3764,0.5750,0.622821
0.1132,0.0778,1739,0.0973,0.0748,1419,0.0833,0.0735,3.354992
0.3344,0.4353,4749,0.3474,0.4489,1012,0.3393,0.4189,1.898684
0.3832,0.5003,4976,0.3728,0.5157,1099,0.3633,0.5072,2.348974
0.3590,0.4745,5038,0.3592,0.4809,1374,0.3594,0.4846,1.122964
0.2696,0.5421,4396,0.2747,0.5455,1115,0.2767,0.5537,1.508402
0.7462,0.7924,3956,0.7475,0.7865,1670,0.7475,0.7804,1.344371
0.3644,0.6952,2816,0.3699,0.6959,1940,0.3791,0.6924,1.671850
0.5331,0.2136,4555,0.5346,0.2211,1750,0.5385,0.2274,1.640636
0.0159,0.5437,2674,0.0258,0.5465,945,0.0118,0.5429,0.461724
0.7255,0.0468,5445,0.7280,0.0534,1115,0.7300,0.0602,1.573403
0.7940,0.3999,6452,0.7871,0.3941,1954,0.7554,0.4408,6.249595
0.7719,0.4185,6371,0.7641,0.4299,1345,0.7554,0.4408,3.083694
0.7097,0.2413,6136,0.7190,0.2346,985,0.7299,0.2271,2.750222
0.5887,0.3061,5056,0.5892,0.2996,1657,0.5898,0.2929,1.475062
0.5678,0.2354,5415,0.5701,0.2486,1095,0.5727,0.2670,3.557402
0.2400,0.5876,3939,0.2478,0.5798,1670,0.2579,0.5731,2.563092
0.3633,0.5072,5148,0.3577,0.5039,1587,0.3594,0.4846,2.548068
0.2767,0.5537,4810,0.2588,0.5631,2624,0.2896,0.5709,2.386564
0.3061,0.3755,4606,0.3136,0.3733,1808,0.3177,0.3698,1.435339
0.6649,0.1656,5370,0.6598,0.1736,1481,0.6556,0.1831,2.203499
0.2525,0.5165,4258,0.2720,0.5071,1134,0.2696,0.5421,3.422604
0.2958,0.3181,4075,0.2828,0.3250,1117,0.2764,0.3249,2.288072
0.4557,0.0808,6070,0.4517,0.0796,1595,0.4469,0.0518,3.362648
0.2603,0.1293,2267,0.2593,0.1283,1225,0.2357,0.1182,3.006555
0.7631,0.6666,4828,0.7600,0.6601,614,0.7458,0.6577,2.167663
0.8078,0.3997,6096,0.8027,0.3989,1372,0.7940,0.3999,1.534183
0.7253,0.6500,5183,0.7365,0.6539,783,0.7065,0.6526,2.111753
0.6788,0.4253,4877,0.6771,0.4207,840,0.6764,0.4158,1.094930
0.6556,0.7838,3759,0.6545,0.7823,1718,0.6532,0.7799,0.507802
0.6172,0.7876,4421,0.6199,0.7814,164,0.6235,0.7744,1.626980
0.6820,0.1863,5704,0.6846,0.1868,1055,0.7046,0.1869,2.509269
0.6731,0.0125,4910,0.6703,0.0124,1369,0.6676,0.0125,0.613100
0.7099,0.7517,4822,0.7125,0.7568,1637,0.7156,0.7604,1.147938
0.1334,0.4582,2652,0.1325,0.4611,1422,0.1322,0.4676,1.052787
0.3507,0.7431,1595,0.3479,0.7326,1454,0.3395,0.7269,2.186157
0.6034,0.1029,6391,0.6198,0.1152,1376,0.6111,0.0835,2.314435
0.1795,0.6127,4288,0.1811,0.5694,1522,0.1834,0.5666,5.145898
0.7504,0.4886,5102,0.7491,0.4805,1808,0.7489,0.4722,1.825671
0.0736,0.1044,2433,0.0703,0.0997,1724,0.0681,0.0920,1.502500
0.7175,0.6864,5209,0.7193,0.6920,245,0.7244,0.6979,1.491999
0.5066,0.0419,5972,0.5014,0.0384,993,0.4842,0.0220,3.327615
0.8063,0.0621,5192,0.8021,0.0655,1295,0.7908,0.0520,2.050634
0.2220,0.0920,3136,0.2468,0.0394,2057,0.2982,0.1041,8.572640
0.3837,0.5252,4939,0.3842,0.5085,1007,0.3832,0.5003,2.769836
0.5727,0.2670,5568,0.5579,0.2005,1296,0.6226,0.2198,7.637619
0.6196,0.6187,4433,0.6223,0.6189,1526,0.6441,0.6348,3.259143
0.6265,0.1177,6001,0.6198,0.1152,985,0.6117,0.1140,1.692507
0.6726,0.2879,5075,0.6797,0.2810,739,0.6879,0.2711,2.518804
0.7919,0.3518,6187,0.7975,0.3918,1944,0.7940,0.3999,5.353437
0.7101,0.6331,5021,0.7089,0.6461,1131,0.7065,0.6526,2.210372
0.4182,0.6421,3016,0.4218,0.6334,186,0.4161,0.6613,2.142492
0.6187,0.8033,3979,0.6169,0.7953,1701,0.6172,0.7876,1.755665
0.3329,0.1341,3379,0.3356,0.1357,1170,0.3303,0.1297,0.569900
0.4720,0.0418,6161,0.4695,0.0342,1566,0.4647,0.0258,1.961951
0.6916,0.4629,5404,0.6599,0.4928,1059,0.6452,0.4748,5.326299
0.7638,0.7160,4996,0.7629,0.7080,710,0.7744,0.7241,1.482478
0.7675,0.2986,3992,0.7686,0.2901,1681,0.7779,0.3082,1.578142
0.1806,0.4257,3390,0.1758,0.4413,520,0.1676,0.4183,1.656335
0.6171,0.2128,5558,0.6194,0.2166,1739,0.6226,0.2198,0.992107
0.3623,0.5338,4706,0.3595,0.5387,694,0.3775,0.5301,1.741656
0.6054,0.5916,3605,0.6078,0.5925,1530,0.6113,0.5933,0.683812
0.6503,0.3236,5080,0.6514,0.3185,143,0.6520,0.3126,1.247475
0.0571,0.6259,1699,0.0530,0.6155,241,0.0768,0.6389,2.618765
0.1802,0.5743,4229,0.1813,0.5818,1404,0.1834,0.5666,0.923453
0.3775,0.5301,4744,0.3800,0.5284,988,0.3837,0.5252,0.875870
0.4416,0.6198,3186,0.4398,0.6130,1652,0.4390,0.6044,1.740831
0.7499,0.0193,6556,0.0000,0.0000,6556,0.0000,0.0000,-1.000000
0.2200,0.2850,3297,0.2195,0.2805,1099,0.2089,0.2744,1.710876
0.1224,0.4952,2984,0.1122,0.4917,1281,0.1071,0.4921,1.739090
0.3393,0.6311,3517,0.3376,0.6221,196,0.3354,0.6140,1.946844
0.7066,0.4249,5342,0.7420,0.4112,1232,0.6916,0.4629,4.540862
0.3520,0.3383,4326,0.3571,0.3412,636,0.3606,0.3409,0.998267
0.4102,0.0264,4606,0.4081,0.0270,1559,0.4065,0.0265,0.418401
0.0809,0.7136,1320,0.1223,0.7302,1081,0.1049,0.6640,6.123163
0.4469,0.7930,1895,0.4517,0.7952,994,0.4559,0.7975,1.121301
0.8040,0.7768,4637,0.8007,0.7744,1779,0.7969,0.7719,0.957741
0.8014,0.3878,5731,0.8028,0.3736,1426,0.7961,0.3996,1.434414
0.7627,0.5309,6104,0.7737,0.4909,2920,0.7554,0.4408,10.050884
0.4942,0.5737,2437,0.4885,0.5587,1303,0.4753,0.5493,3.424027
0.3313,0.0231,4602,0.3321,0.0314,771,0.3348,0.0119,1.298765
0.4469,0.0518,6163,0.4596,0.0471,1821,0.4647,0.0258,3.513298
0.5774,0.7575,4269,0.5816,0.7466,1726,0.5839,0.7364,2.454408
0.6419,0.4654,5827,0.6329,0.4580,1147,0.6178,0.4502,3.164147
0.1360,0.0078,3246,0.1423,0.0124,797,0.1512,0.0090,1.700577
0.7329,0.0036,6048,0.7410,0.0091,1779,0.7499,0.0193,2.575346
0.6468,0.0376,5425,0.6344,0.0355,1050,0.6166,0.0509,3.668400
0.7812,0.3877,6062,0.7705,0.3936,1283,0.7940,0.3999,1.975685
0.4398,0.3106,5049,0.4941,0.2974,1064,0.5398,0.2426,13.445031
0.6945,0.3034,4556,0.6886,0.3012,666,0.6981,0.3020,0.427748
0.7992,0.2448,6199,0.7875,0.2488,98,0.8033,0.2381,0.867043
0.3980,0.5811,3719,0.3943,0.5821,222,0.3991,0.5819,0.153615
0.4951,0.4234,4467,0.4864,0.4353,1550,0.4784,0.4419,2.768287
0.7318,0.0806,5553,0.7219,0.0813,1506,0.7300,0.0602,2.272685
0.8032,0.0007,5565,0.7950,0.0037,1789,0.7907,0.0049,1.469025
0.4433,0.0503,6072,0.4402,0.0504,911,0.4469,0.0518,0.433434
0.3251,0.3119,3429,0.3300,0.3060,352,0.3306,0.3011,1.343572
0.6513,0.4454,5341,0.6644,0.4606,986,0.6419,0.4654,2.459441
0.8017,0.4708,5564,0.7940,0.4808,930,0.8046,0.4577,1.485952
0.4599,0.6763,2015,0.4547,0.6843,1125,0.4398,0.6885,2.614509
0.6007,0.7538,4455,0.6039,0.7610,121,0.5988,0.7492,0.555752
0.2459,0.3328,4030,0.2469,0.3361,1761,0.2527,0.3440,1.463654
0.5809,0.6754,4029,0.5585,0.6740,846,0.5849,0.6923,1.925545
0.4365,0.0256,5748,0.4363,0.0361,617,0.4362,0.0497,2.679491
0.3405,0.5408,4993,0.3673,0.5320,1272,0.3633,0.5072,4.516099
0.0336,0.0824,3525,0.0404,0.0751,196,0.0382,0.0653,1.972115
0.6452,0.4748,5592,0.6423,0.4695,294,0.6419,0.4654,1.109386
0.5802,0.7174,3882,0.5836,0.7200,330,0.5863,0.7254,1.119677
0.2819,0.1906,1915,0.2839,0.1782,543,0.2793,0.1657,2.783759
0.6011,0.0442,6507,0.6740,0.0157,3453,0.6111,0.0835,4.504390
0.6877,0.4757,5299,0.6896,0.4693,328,0.6916,0.4629,1.482557
0.5849,0.6923,4144,0.5874,0.7068,740,0.5700,0.7179,3.286623
0.3710,0.3564,4598,0.3524,0.3433,1260,0.3504,0.3493,2.410854
0.4181,0.0157,4871,0.4061,0.0246,226,0.4065,0.0265,1.765841
0.4553,0.6167,2862,0.4527,0.6238,440,0.4608,0.6065,1.287135
0.0769,0.0561,3127,0.0668,0.0581,376,0.0584,0.0577,2.070278
0.1795,0.5377,4177,0.1925,0.5302,490,0.1834,0.5666,3.247790
0.6860,0.1997,5608,0.6814,0.2075,219,0.6820,0.1863,1.558403
0.0501,0.7134,502,0.0387,0.7089,161,0.0549,0.7149,0.566756
0.6764,0.4158,5017,0.6790,0.4308,1179,0.6810,0.4373,2.442593
0.3913,0.7359,1303,0.3919,0.7338,924,0.3929,0.7295,0.730023
0.4674,0.4197,4218,0.4719,0.4297,784,0.4799,0.4411,2.748593
0.4547,0.2972,4834,0.4527,0.3001,507,0.4398,0.3106,2.228290
0.3545,0.5006,4900,0.3546,0.4921,548,0.3633,0.5072,1.217219
0.4011,0.7538,1098,0.3950,0.7462,802,0.3913,0.7359,2.271708
0.1919,0.5677,4233,0.1874,0.5673,793,0.1834,0.5666,0.948368
0.2476,0.4817,4372,0.2504,0.4691,330,0.2462,0.4474,3.814178
0.3205,0.7209,1553,0.3266,0.7122,620,0.3286,0.7043,2.053800
0.0334,0.5472,2866,0.0351,0.5341,403,0.0394,0.5274,2.307602
0.7932,0.0894,4599,0.7937,0.0984,331,0.7973,0.1075,2.070991
0.4203,0.3130,4384,0.4199,0.3143,391,0.4307,0.3237,1.664552
0.0393,0.5642,2631,0.0321,0.5552,308,0.0493,0.5682,1.199390
0.5083,0.3200,4592,0.5011,0.3214,631,0.4983,0.2938,3.114856
0.7861,0.4838,5618,0.8034,0.4655,1041,0.8017,0.5041,2.847566
0.3917,0.7747,834,0.3860,0.7662,677,0.3794,0.7585,2.263299
0.6835,0.5804,4853,0.6951,0.5811,393,0.7064,0.5817,2.542038
0.0982,0.4528,1706,0.1161,0.4617,682,0.1334,0.4582,3.954524
0.2855,0.7941,487,0.2901,0.7902,425,0.2942,0.7873,1.229289
0.2462,0.2056,2824,0.2511,0.2478,947,0.2157,0.1496,7.092747
0.2325,0.5369,3990,0.2222,0.5275,467,0.2078,0.5298,2.858637
0.7708,0.0748,5177,0.7734,0.0744,670,0.7762,0.0680,0.962321
0.2257,0.3147,3379,0.2231,0.3155,150,0.2192,0.3167,0.745148
0.3286,0.5046,4662,0.3339,0.5068,694,0.3366,0.5098,1.063301
0.0382,0.0653,4120,0.1748,0.0346,3041,0.1253,0.2937,27.165300
0.1113,0.0323,3087,0.0961,0.0462,328,0.1190,0.0151,2.097204
0.6625,0.5735,4567,0.6731,0.5775,506,0.6835,0.5804,2.459020
0.6964,0.0498,5210,0.7010,0.0443,316,0.6891,0.0445,0.998237
0.6150,0.4477,5408,0.6145,0.4490,725,0.6140,0.4500,0.277003
0.6651,0.0962,5367,0.6778,0.0915,98,0.6685,0.1187,2.529816
0.4005,0.5644,3716,0.3955,0.5631,487,0.3895,0.5610,1.279163
0.6098,0.2458,5009,0.6127,0.2400,721,0.6202,0.2320,1.922804
0.1071,0.4921,3131,0.0970,0.4920,382,0.0871,0.4917,2.226827
0.7095,0.4268,5185,0.7094,0.4255,797,0.7095,0.4245,0.260779
0.7496,0.2357,6007,0.7538,0.2344,330,0.7597,0.2332,1.154559
0.0608,0.6893,719,0.0553,0.6804,701,0.0523,0.6771,1.660232
0.2760,0.5348,4093,0.2731,0.5377,376,0.2696,0.5421,1.078079
0.5676,0.7354,4616,0.6022,0.7425,593,0.5988,0.7492,3.798766
0.7384,0.7341,4823,0.7389,0.7348,520,0.7466,0.7531,2.289178
0.1242,0.4865,2795,0.1253,0.4857,270,0.1265,0.4850,0.298492
0.6117,0.1140,6068,0.6079,0.1074,332,0.6034,0.1029,1.541229
0.6662,0.5650,4364,0.6689,0.5593,524,0.6625,0.5735,1.039481
0.0394,0.5274,2921,0.0421,0.5280,328,0.0456,0.5286,0.702284
0.0247,0.6948,686,0.0237,0.6835,328,0.0286,0.7048,1.191588
0.3504,0.0208,5207,0.3651,0.0146,627,0.3501,0.0252,0.488726
0.1071,0.1087,1764,0.0988,0.1047,328,0.1186,0.1186,1.688738
0.4389,0.5732,2914,0.4277,0.5680,491,0.4162,0.5651,2.676732
0.3541,0.5593,4504,0.3555,0.5517,329,0.3543,0.5445,1.653010
0.3650,0.5651,4299,0.3583,0.5609,281,0.3676,0.5754,1.183052
0.6981,0.3020,4866,0.6966,0.3033,1297,0.6822,0.2984,1.812034
0.4081,0.3114,4161,0.4117,0.3132,701,0.4196,0.3158,1.366007
0.6646,0.4667,4932,0.6581,0.4770,507,0.6515,0.4810,2.158678
0.6171,0.1453,5949,0.6259,0.1223,329,0.6265,0.1177,3.238785
0.3684,0.6047,3489,0.3693,0.5925,452,0.3713,0.5871,1.975910
0.4024,0.0225,4811,0.4039,0.0220,452,0.4065,0.0265,0.636153
0.6562,0.2291,5822,0.6546,0.2274,541,0.6527,0.2265,0.484717
0.7413,0.4758,4829,0.7476,0.4737,519,0.7489,0.4722,0.942455
0.7734,0.6813,4810,0.7737,0.6834,376,0.7741,0.6859,0.511058
0.1698,0.4377,3204,0.1751,0.4325,112,0.1801,0.4433,1.297963
0.5968,0.7887,4454,0.5953,0.7834,387,0.5943,0.7783,1.184085
0.3153,0.5802,4351,0.3131,0.5717,607,0.3098,0.5634,1.960100
0.3286,0.0701,4893,0.3447,0.0677,614,0.3521,0.0634,2.716730
0.4647,0.0258,6240,0.5365,0.0696,1596,0.5123,0.1428,14.042938
0.0181,0.6750,776,0.0267,0.7000,456,0.0403,0.6680,2.584353
0.4569,0.7226,1551,0.4557,0.7275,396,0.4607,0.7141,1.044949
0.0839,0.0985,1781,0.0851,0.1003,595,0.0850,0.1029,0.505562
0.7888,0.6636,4929,0.7924,0.6668,711,0.7976,0.6794,2.003979
0.1144,0.6146,2646,0.1280,0.6147,474,0.1366,0.6066,2.628683
0.3376,0.0377,4806,0.3302,0.0176,1200,0.3501,0.0252,1.968726
0.2961,0.5201,3925,0.3023,0.5214,737,0.3071,0.5260,1.389614
0.2996,0.4313,4118,0.2879,0.4250,771,0.2752,0.4205,2.966687
0.3438,0.1478,3119,0.3448,0.1423,412,0.3476,0.1501,0.502763
0.7163,0.5507,5354,0.7198,0.5555,727,0.7232,0.5604,1.321492
0.1655,0.2880,4349,0.1464,0.2987,331,0.1381,0.2917,3.070921
0.6724,0.2170,5912,0.6637,0.2220,634,0.6485,0.2091,2.802751
0.6999,0.6212,4355,0.7048,0.6098,336,0.7101,0.6331,1.739672
0.3437,0.6821,2444,0.3408,0.6746,670,0.3381,0.6688,1.609506
0.1480,0.1008,2690,0.1601,0.1045,438,0.1629,0.1016,1.655806
0.7623,0.4015,6262,0.7634,0.4159,797,0.7719,0.4185,2.162818
0.4983,0.2938,4829,0.4954,0.2899,499,0.4923,0.2866,1.036770
0.3783,0.7508,1278,0.3689,0.7325,430,0.3913,0.7359,2.205924
0.7466,0.7531,4901,0.7455,0.7537,802,0.7469,0.7641,1.228368
0.6571,0.6379,4140,0.6616,0.6351,328,0.6690,0.6333,1.411177
0.3447,0.2982,3298,0.3451,0.3020,98,0.3454,0.3057,0.831365
0.2561,0.2776,2868,0.2720,0.2643,410,0.2433,0.2718,1.556671
0.5898,0.2929,5285,0.5699,0.2805,653,0.5727,0.2670,3.449831
0.4658,0.7520,1532,0.4614,0.7574,98,0.4623,0.7438,0.990448
0.2118,0.3369,3537,0.1969,0.3510,369,0.2459,0.3328,3.818023
0.2089,0.2744,3519,0.1975,0.2750,418,0.1874,0.2756,2.388875
0.2433,0.2718,2937,0.2322,0.2800,480,0.2200,0.2850,2.973089
0.1381,0.2917,4507,0.2499,0.2745,2338,0.2124,0.3887,13.577498
0.1275,0.6920,884,0.1346,0.7003,706,0.1408,0.7112,2.589611
0.3621,0.6625,3367,0.3704,0.6651,427,0.3761,0.6686,1.693587
0.7002,0.1448,5881,0.7093,0.1816,787,0.7469,0.1978,7.853911
0.0139,0.0490,3668,0.0157,0.0446,528,0.0201,0.0410,1.117451
0.2414,0.5215,3906,0.2475,0.5193,502,0.2525,0.5165,1.353097
0.3403,0.2468,4040,0.2981,0.3076,1597,0.3840,0.2814,6.194950
0.3387,0.1108,4308,0.3282,0.1026,429,0.3149,0.0905,3.477710
0.6678,0.2568,5192,0.6572,0.2587,1998,0.6429,0.2549,2.777093
0.0764,0.4876,2625,0.0816,0.4896,267,0.0871,0.4917,1.265128
0.7855,0.5077,5522,0.7864,0.5132,113,0.7867,0.5166,1.003882
0.3709,0.4592,5007,0.3671,0.4595,722,0.3642,0.4597,0.743446
0.6644,0.0240,4883,0.6639,0.0187,705,0.6676,0.0125,1.335344
0.4731,0.7209,2195,0.4811,0.7111,329,0.4851,0.7045,2.260661
0.0083,0.7426,875,0.0141,0.7378,762,0.0211,0.7355,1.629662
0.1834,0.5666,4385,0.1793,0.5424,2202,0.2719,0.5741,9.865637
0.4096,0.0589,5269,0.4007,0.0599,722,0.3928,0.0585,1.862540
0.3934,0.0097,4537,0.3964,0.0151,461,0.3905,0.0073,0.414095
0.0802,0.1683,3009,0.0439,0.1523,1898,0.0434,0.1000,8.628376
0.3228,0.6714,2091,0.3308,0.6700,593,0.3176,0.6571,1.683679
0.7702,0.6491,4790,0.7617,0.6499,495,0.7631,0.6666,2.091927
0.2977,0.5383,4751,0.2913,0.5438,2315,0.2767,0.5537,2.894469
0.1683,0.6508,2690,0.1707,0.6486,505,0.1739,0.6465,0.783950
0.0757,0.6640,702,0.0796,0.6514,691,0.0768,0.6389,2.798470
0.4264,0.3528,3977,0.4242,0.3585,391,0.4307,0.3237,3.268220
0.2462,0.4474,4548,0.2457,0.4833,2333,0.3344,0.4353,9.898067
0.7444,0.7547,4604,0.7459,0.7610,98,0.7466,0.7531,0.299225
0.8007,0.1386,5242,0.7945,0.0781,974,0.7762,0.0680,8.308089
0.3550,0.1391,4330,0.3631,0.1335,406,0.3699,0.1264,2.170121
0.0515,0.1856,2333,0.0524,0.1892,752,0.0546,0.1926,0.841906
0.3320,0.4781,4782,0.3425,0.4744,543,0.3590,0.4745,3.032964
0.5336,0.0329,5932,0.5146,0.0290,1099,0.5066,0.0419,3.155055
0.7232,0.5604,5775,0.6634,0.5688,2041,0.7627,0.5309,5.479619
0.6586,0.1382,5528,0.6527,0.1428,535,0.6464,0.1472,1.683946
0.3028,0.2804,3297,0.3000,0.2733,409,0.2976,0.2687,1.428055
0.5398,0.2426,5184,0.5554,0.2383,329,0.5678,0.2354,3.212852
0.5806,0.1511,5379,0.5833,0.1557,434,0.5833,0.1704,2.165941
0.5053,0.5093,4646,0.4955,0.5413,892,0.5342,0.4354,8.824503
0.0596,0.5207,3339,0.0662,0.4974,1050,0.0879,0.4998,3.910592
0.4842,0.0220,6207,0.4743,0.0229,458,0.4647,0.0258,2.202876
0.0325,0.0644,3973,0.0359,0.0653,274,0.0382,0.0653,0.643293
0.3147,0.2101,2909,0.3176,0.2154,825,0.3204,0.2243,1.700929
0.2357,0.1182,2475,0.2282,0.1187,431,0.2205,0.1177,1.682737
0.7131,0.7755,4606,0.7097,0.7679,694,0.7103,0.7645,1.261641
0.2511,0.5566,4089,0.2568,0.5563,731,0.2633,0.5558,1.360891
0.3176,0.6571,2237,0.3099,0.6519,354,0.3033,0.6460,2.012322
0.4250,0.0970,5160,0.4341,0.0940,732,0.4448,0.0932,2.246642
0.7644,0.7569,5082,0.7652,0.7596,143,0.7661,0.7629,0.698885
0.3794,0.5092,4875,0.3821,0.5182,535,0.3832,0.5003,1.074091
0.0456,0.5286,2992,0.0412,0.5202,433,0.0596,0.5207,1.792121
0.6141,0.3447,4892,0.6250,0.3385,825,0.6342,0.3310,2.701480
0.0523,0.6771,934,0.0415,0.6628,571,0.0768,0.6389,5.039643
0.5665,0.6654,3513,0.5735,0.6719,210,0.5809,0.6754,1.953115
0.5074,0.5392,4205,0.5093,0.5233,348,0.4804,0.5295,3.190041
0.6955,0.2587,5428,0.6977,0.2603,622,0.7160,0.2589,2.273487
0.2095,0.5843,4159,0.1905,0.5714,447,0.1919,0.5677,2.689921
0.1217,0.7342,840,0.1067,0.7255,329,0.1408,0.7112,3.323436
0.2239,0.6101,3726,0.2317,0.6169,420,0.2361,0.6279,2.394964
0.7423,0.7695,4452,0.7404,0.7723,471,0.7381,0.7745,0.718970
0.8046,0.4577,5990,0.8043,0.4476,383,0.8028,0.4409,1.872704
0.8063,0.3596,6050,0.7977,0.3558,465,0.7919,0.3518,1.813003
0.2328,0.0843,2717,0.2272,0.0870,376,0.2220,0.0920,1.461086
0.1322,0.4676,2665,0.1295,0.4761,433,0.1265,0.4850,2.031803
0.3381,0.6688,2730,0.3390,0.6587,446,0.3383,0.6468,2.437957
0.7536,0.2597,5201,0.7518,0.2586,378,0.7503,0.2574,0.447772
0.0476,0.7718,453,0.0384,0.7567,447,0.0241,0.7450,3.962250
0.1157,0.6280,2542,0.1151,0.6200,790,0.1144,0.6146,1.486681
0.4799,0.4411,4323,0.4792,0.4409,456,0.4784,0.4419,0.192897
0.1593,0.0222,3420,0.1263,0.0137,1169,0.1190,0.0151,4.548486
0.4893,0.5911,2006,0.4915,0.5857,664,0.4942,0.5737,2.009872
0.2619,0.5145,3654,0.2572,0.5162,394,0.2525,0.5165,1.072029
0.3725,0.6782,3483,0.3741,0.6735,465,0.3761,0.6686,1.149170
0.3054,0.0106,4464,0.3259,0.0271,2171,0.3313,0.0231,3.193042
0.6226,0.2198,5976,0.6436,0.2316,1136,0.6485,0.2091,3.107046
0.1495,0.6534,2452,0.1487,0.6467,766,0.1475,0.6395,1.554360
0.4129,0.5488,3892,0.4213,0.5398,425,0.4217,0.5388,1.487100
0.7142,0.1708,5635,0.7057,0.1620,475,0.7046,0.1869,2.082212
0.4804,0.0825,5256,0.4654,0.0794,730,0.4557,0.0808,2.751564
0.2810,0.3393,4151,0.2738,0.3460,328,0.2698,0.3464,1.472255
0.6681,0.5138,4611,0.6663,0.5012,98,0.6638,0.4967,1.957220
0.3665,0.7095,2290,0.3661,0.7032,770,0.3644,0.6952,1.616661
0.6472,0.5086,4793,0.6557,0.5034,363,0.6377,0.4873,2.595068
0.6254,0.0998,6060,0.6132,0.0854,653,0.6117,0.1140,2.183952
0.6035,0.7306,4406,0.5867,0.7311,380,0.5859,0.7326,1.962495
0.5859,0.7326,4453,0.5694,0.7345,420,0.5676,0.7354,2.061938
0.0719,0.1893,2654,0.0808,0.1789,206,0.0675,0.1937,0.688096
0.6647,0.4547,4898,0.6578,0.4538,531,0.6646,0.4667,1.328743
0.5209,0.3560,4470,0.5111,0.3413,504,0.5083,0.3200,4.238624
0.3862,0.5274,4654,0.3916,0.5256,526,0.3837,0.5252,0.365512
0.0403,0.6680,841,0.0472,0.6742,333,0.0523,0.6771,1.664485
0.4692,0.5023,4309,0.4749,0.5165,227,0.4432,0.4932,3.057608
0.1253,0.2937,4271,0.1309,0.2918,688,0.1381,0.2917,1.447792
0.0576,0.5532,3160,0.0746,0.5551,609,0.0853,0.5510,3.088741
0.3791,0.6924,3166,0.3745,0.6848,780,0.3725,0.6782,1.737434
0.2035,0.6351,3472,0.2071,0.6312,349,0.1998,0.6338,0.438525
0.3543,0.5445,4653,0.3466,0.5433,329,0.3623,0.5338,1.484566
0.2752,0.4205,4463,0.2518,0.4473,1045,0.2462,0.4474,4.393580
0.6395,0.4283,5268,0.6535,0.4307,636,0.6513,0.4454,2.304466
0.1642,0.6326,3481,0.1704,0.6289,847,0.1777,0.6258,1.680370
0.7908,0.0520,5759,0.7881,0.0383,758,0.7859,0.0234,3.225754
0.7034,0.6687,5136,0.6971,0.6751,316,0.7065,0.6526,1.815910
0.6179,0.7011,4231,0.6257,0.7107,494,0.6035,0.7306,3.654845
0.3007,0.6666,2247,0.3104,0.6613,443,0.3033,0.6460,2.305049
0.4001,0.6092,3603,0.4063,0.6046,560,0.3991,0.5819,3.033922
0.7527,0.2080,6226,0.7683,0.2432,363,0.7299,0.2271,3.303318
0.5618,0.6219,3862,0.5666,0.6570,679,0.5865,0.5967,3.920037
0.3820,0.2954,3923,0.3902,0.2964,178,0.3840,0.2814,1.573948
0.1794,0.1101,2909,0.2063,0.1094,474,0.2220,0.0920,5.148592
0.6879,0.2711,5160,0.6893,0.2694,458,0.6896,0.2669,0.501748
0.0853,0.5510,3306,0.0517,0.5645,1474,0.0596,0.5207,4.414150
0.5172,0.6709,3625,0.5221,0.6718,475,0.5276,0.6720,1.160083
0.3023,0.0257,4212,0.3076,0.0233,784,0.3130,0.0213,1.283471
0.1777,0.6258,4098,0.1779,0.6172,574,0.1795,0.6127,1.468211
0.7475,0.7804,4204,0.7436,0.7759,783,0.7381,0.7745,1.235269
0.7840,0.7867,4368,0.7892,0.7799,521,0.7969,0.7719,2.180751
0.7874,0.7233,5380,0.7656,0.6748,1549,0.7864,0.7490,2.859837
0.7400,0.3792,5479,0.7482,0.3919,544,0.7515,0.4049,3.128349
0.6920,0.4409,5222,0.6910,0.4509,510,0.7066,0.4249,2.399864
0.3560,0.7157,1997,0.3549,0.7176,150,0.3542,0.7206,0.579738
0.7413,0.5852,5204,0.7051,0.6272,1533,0.7232,0.5604,3.416605
0.0307,0.5237,2557,0.0343,0.5255,760,0.0394,0.5274,1.047814
0.2535,0.2535,2400,0.2596,0.2603,422,0.2668,0.2677,2.161751
0.6166,0.0509,6022,0.6082,0.0451,330,0.6011,0.0442,1.882044
0.7244,0.4111,5265,0.7076,0.4249,376,0.7066,0.4249,2.508019
0.8067,0.2734,4270,0.8031,0.2589,608,0.7992,0.2448,3.285213
0.8050,0.4936,5406,0.8045,0.4995,582,0.8017,0.5041,1.221605
0.7299,0.2271,6265,0.7347,0.2363,676,0.7827,0.2458,6.231379
0.5034,0.4789,4329,0.5051,0.4980,347,0.5053,0.5093,3.380836
0.4373,0.2732,4543,0.4461,0.2827,213,0.4273,0.2720,1.128372
0.7545,0.6861,5109,0.7584,0.6946,701,0.7607,0.6988,1.571926
0.3609,0.6513,3161,0.3498,0.6484,335,0.3621,0.6625,1.250309
0.0118,0.5429,2686,0.0137,0.5428,1025,0.0334,0.5472,2.444957
0.7458,0.6577,5193,0.7156,0.6517,995,0.7065,0.6526,4.400611
0.5059,0.7040,3894,0.5185,0.6904,2153,0.5507,0.6924,5.148913
0.4634,0.5628,2796,0.4694,0.5560,810,0.4753,0.5493,2.000557
0.4087,0.3436,3908,0.4175,0.3482,407,0.4264,0.3528,2.219931
0.3354,0.6140,3886,0.3287,0.6065,529,0.3212,0.5994,2.273407
0.4362,0.0497,6145,0.4451,0.0511,1057,0.4469,0.0518,1.208501
0.6171,0.3667,4834,0.6156,0.3557,702,0.6141,0.3447,2.460307
0.6439,0.6368,4300,0.6366,0.6447,98,0.6441,0.6348,0.220423
0.7961,0.3996,5994,0.7948,0.3996,425,0.7940,0.3999,0.235073
0.7610,0.4613,5599,0.7587,0.4562,401,0.7554,0.4408,2.371971
0.2527,0.3440,4268,0.2610,0.3465,715,0.2698,0.3464,1.918484
0.6993,0.1053,5629,0.6945,0.0990,528,0.6905,0.0883,2.123393
0.4403,0.3811,4226,0.4041,0.3371,810,0.4825,0.3683,4.892070
0.2797,0.2852,3031,0.2800,0.2920,578,0.2819,0.3011,1.774427
0.1685,0.0330,3271,0.1671,0.0320,380,0.1653,0.0314,0.394172
0.5575,0.1914,4789,0.5690,0.1807,446,0.5565,0.2090,1.952141
0.4432,0.4932,4343,0.4364,0.4822,344,0.4294,0.4716,2.855509
0.3504,0.3493,4756,0.3407,0.3636,329,0.3310,0.3779,3.845842
0.3187,0.5557,4665,0.3226,0.5540,103,0.3261,0.5530,0.875709
0.0039,0.7206,979,0.0467,0.6810,733,0.0809,0.7136,8.593663
0.0287,0.6162,1262,0.0315,0.6204,903,0.0383,0.6248,1.432788
0.6077,0.6077,4274,0.6134,0.6129,224,0.6004,0.6087,0.822094
0.4608,0.6065,2936,0.4579,0.6101,583,0.4435,0.6056,1.934359
0.7005,0.3293,4830,0.7127,0.3148,690,0.6981,0.3020,3.042017
0.4751,0.3415,4292,0.4799,0.3269,693,0.4909,0.3216,2.825401
0.5943,0.7783,4485,0.5991,0.7721,411,0.6040,0.7667,1.684345
0.3538,0.3072,3493,0.3494,0.3073,625,0.3454,0.3057,0.941940
0.6379,0.5225,4665,0.6437,0.5159,747,0.6472,0.5086,1.859437
0.7864,0.7490,5498,0.7212,0.7285,2713,0.7590,0.5571,21.547960
0.6485,0.2091,6262,0.6967,0.2091,1111,0.7299,0.2271,9.270272
0.6987,0.2619,5410,0.7062,0.2596,479,0.6955,0.2587,0.497638
0.5507,0.6924,4268,0.5854,0.6823,1224,0.5700,0.7179,3.546655
0.0538,0.5616,2942,0.0553,0.5577,331,0.0576,0.5532,1.029626
0.7338,0.6095,4840,0.7391,0.5980,544,0.7166,0.5985,2.265327
0.7503,0.2574,5630,0.7442,0.2544,393,0.7425,0.2420,1.913763
0.1286,0.0299,3065,0.1252,0.0211,369,0.1113,0.0323,1.938279
0.4390,0.6044,3334,0.4281,0.6039,585,0.4098,0.6017,3.257811
0.1029,0.1725,2876,0.0871,0.1710,499,0.0802,0.1683,2.565654
0.6972,0.7191,4941,0.7179,0.7103,336,0.7213,0.7007,3.369584
0.4217,0.5388,4213,0.4233,0.5273,401,0.3995,0.5276,2.767405
0.2886,0.1491,1621,0.2896,0.1425,355,0.2911,0.1348,1.610542
0.3928,0.0585,5471,0.3906,0.0574,701,0.3885,0.0556,0.575457
0.4508,0.2376,4335,0.4479,0.2454,433,0.4616,0.2270,1.688790
0.2577,0.4958,3727,0.2524,0.4922,157,0.2648,0.4952,0.785509
0.3332,0.2721,3765,0.3295,0.2571,328,0.3274,0.2533,2.186892
0.2672,0.6614,3479,0.2697,0.6547,530,0.2715,0.6502,1.336465
0.5865,0.5967,4156,0.5914,0.6052,563,0.6004,0.6087,2.032282
0.2361,0.6279,3791,0.2017,0.6344,718,0.2400,0.5876,4.496909
0.6108,0.5179,4380,0.6138,0.5200,673,0.6175,0.5265,1.208454
0.7489,0.4722,5214,0.7529,0.4680,528,0.7599,0.4650,1.457152
0.4772,0.4589,4620,0.4913,0.4689,715,0.5053,0.5093,6.409127
0.5482,0.6589,3434,0.5566,0.6638,421,0.5338,0.6621,1.636077
0.3149,0.0905,4520,0.3124,0.0681,409,0.3286,0.0701,2.721662
0.7607,0.6988,5269,0.7707,0.7197,1262,0.7744,0.7241,3.193291
0.0833,0.0735,1872,0.0761,0.0759,629,0.0684,0.0797,1.789583
0.0414,0.2047,1909,0.0207,0.2191,331,0.0546,0.1926,1.994208
0.4246,0.5120,4482,0.4233,0.5048,724,0.3995,0.5276,3.277850
0.6808,0.7639,4597,0.6857,0.7425,413,0.7103,0.7645,3.278149
0.2536,0.0323,3012,0.2690,0.0329,366,0.2814,0.0408,3.238566
0.6822,0.2984,5034,0.6750,0.2945,759,0.6726,0.2879,1.579309
0.3366,0.5098,4670,0.3440,0.5064,788,0.3545,0.5006,2.234251
0.4448,0.0932,5893,0.4465,0.0868,774,0.4471,0.0784,1.669902
0.4131,0.6933,2838,0.4111,0.6968,1119,0.4161,0.6613,3.576803
0.6759,0.4853,5019,0.6813,0.4778,373,0.6877,0.4757,1.697889
0.2366,0.0433,1945,0.2253,0.0519,467,0.2536,0.0323,2.251076
0.2124,0.3887,4508,0.2367,0.4434,791,0.2462,0.4474,7.524945
0.3947,0.1321,4358,0.3858,0.1310,661,0.3699,0.1264,2.829140
0.1874,0.2756,3733,0.1854,0.2750,328,0.1815,0.2724,0.743276
0.6520,0.3126,5315,0.6622,0.3006,1226,0.6429,0.2549,6.484984
0.2942,0.7873,647,0.2882,0.7806,345,0.2499,0.7843,4.938232
0.7667,0.5662,5309,0.7629,0.5617,263,0.7590,0.5571,1.326302
0.4027,0.1671,3760,0.3495,0.1548,1403,0.3947,0.1321,3.987207
0.2205,0.1177,2594,0.2222,0.1343,203,0.2195,0.1127,0.569192
0.6773,0.6571,4595,0.6914,0.6549,165,0.6694,0.6487,1.284566
0.6977,0.0228,5081,0.7002,0.0261,135,0.7031,0.0280,0.833856
0.2899,0.3248,3899,0.2929,0.3215,179,0.2958,0.3181,0.997362
0.7741,0.6859,4897,0.7684,0.6955,219,0.7607,0.6988,2.065667
0.0122,0.5117,1856,0.0114,0.5040,175,0.0087,0.4961,1.774134
0.6253,0.1271,5850,0.6207,0.1375,102,0.6265,0.1177,1.057112
0.0766,0.7385,762,0.0881,0.7293,198,0.0932,0.7198,2.786091
0.0850,0.1029,2062,0.0759,0.1041,200,0.0736,0.1044,1.287476
0.0585,0.5027,2641,0.0563,0.5035,98,0.0534,0.5047,0.606881
0.0381,0.1552,1806,0.0374,0.1476,141,0.0509,0.1517,1.473097
0.0879,0.4998,3430,0.0884,0.4967,282,0.0871,0.4917,0.905844
0.1512,0.0090,3403,0.1512,0.0123,413,0.1593,0.0222,1.720130
0.1868,0.2689,3646,0.1842,0.2708,177,0.1815,0.2724,0.708042
0.0187,0.7650,404,0.0185,0.7584,106,0.0179,0.7518,1.479780
0.4398,0.6885,2035,0.4435,0.6588,1180,0.4190,0.7050,2.952661
0.7031,0.0280,5231,0.7046,0.0329,229,0.7255,0.0468,3.243387
0.5807,0.0010,5238,0.6205,0.0260,2015,0.6011,0.0442,5.310846
0.4501,0.6273,2954,0.4500,0.6254,256,0.4416,0.6198,1.262691
0.2124,0.5674,3665,0.2094,0.5808,407,0.2095,0.5843,1.910158
0.2584,0.1271,1932,0.2462,0.1216,213,0.2603,0.1293,0.324983
0.7469,0.7641,4934,0.7643,0.7687,326,0.7381,0.7745,1.509641
0.5088,0.0371,5887,0.5085,0.0399,166,0.5066,0.0419,0.586571
0.4914,0.6903,2749,0.4957,0.6968,312,0.5059,0.7040,2.216169
0.7603,0.7734,4770,0.7535,0.7688,155,0.7661,0.7629,1.333938
0.4162,0.5651,3203,0.4132,0.5551,124,0.4005,0.5644,1.753395
0.2265,0.7815,80,0.1181,0.1710,75,0.2437,0.7859,1.979100
0.5863,0.7254,3970,0.5868,0.7274,116,0.5874,0.7296,0.480976
0.0871,0.4917,3547,0.1553,0.4451,2459,0.1795,0.5377,11.471696
0.8075,0.7197,4916,0.7945,0.7241,218,0.7874,0.7233,2.261921
0.4061,0.4683,4809,0.4100,0.5677,1931,0.3709,0.4592,4.045172
0.6362,0.2350,5848,0.6289,0.2345,924,0.6226,0.2198,2.266247
0.5651,0.6431,3590,0.5637,0.6326,159,0.5618,0.6219,2.383082
0.2898,0.0401,3684,0.2889,0.0410,137,0.2874,0.0421,0.346105
0.5113,0.7347,3396,0.5051,0.7212,179,0.5059,0.7040,3.471746
0.2234,0.0591,2697,0.2213,0.0553,98,0.2148,0.0461,1.729144
0.5874,0.7296,4285,0.5965,0.7307,112,0.5859,0.7326,0.371435
0.5719,0.0037,5162,0.5767,0.0041,215,0.5807,0.0010,1.015604
0.0500,0.6096,1688,0.0514,0.5940,149,0.0571,0.6259,1.971619
0.7859,0.0234,5936,0.7801,0.0156,111,0.7738,0.0148,1.647487
0.4260,0.2592,4382,0.4264,0.2669,125,0.4273,0.2720,1.428133
0.3995,0.5276,4613,0.3978,0.5250,274,0.3965,0.5221,0.686414
0.5123,0.1428,6293,0.5460,0.1712,2077,0.6034,0.1029,11.053267
0.6583,0.7843,3632,0.6570,0.7839,182,0.6556,0.7838,0.314842
0.2437,0.7859,616,0.2466,0.7857,189,0.2499,0.7843,0.707656
0.6980,0.4274,5177,0.6965,0.4321,195,0.7066,0.4249,0.996841
0.7762,0.0680,5531,0.7886,0.0638,226,0.7908,0.0520,2.414267
0.3186,0.6805,1925,0.3207,0.6759,221,0.3228,0.6714,1.110914
0.0783,0.6746,310,0.0770,0.6693,306,0.0757,0.6640,1.211326
0.0807,0.4315,1374,0.0894,0.4427,240,0.0982,0.4528,3.059504
0.1747,0.2269,2920,0.1789,0.2263,104,0.1832,0.2261,0.953575
0.6867,0.1868,5422,0.6861,0.1932,142,0.6820,0.1863,0.523718
0.2572,0.0707,55,0.1181,0.1710,49,0.2563,0.0704,0.106917
0.6223,0.4975,5136,0.6307,0.4936,218,0.6377,0.4873,2.058186
0.6810,0.4373,5029,0.6853,0.4381,228,0.6920,0.4409,1.291609
0.5164,0.2607,4937,0.5301,0.2515,275,0.5398,0.2426,3.289732
0.0223,0.6949,682,0.0235,0.6949,213,0.0247,0.6948,0.266581
0.6258,0.6175,4404,0.6349,0.6274,189,0.6196,0.6187,0.697633
0.5045,0.1446,5849,0.5081,0.1430,235,0.5123,0.1428,0.893623
0.4200,0.8007,1086,0.4348,0.7955,159,0.4469,0.7930,3.102169
0.0527,0.4385,251,0.0495,0.4305,249,0.0472,0.4239,1.738296
0.7599,0.4650,5268,0.7605,0.4632,148,0.7610,0.4613,0.428700
0.6336,0.5386,4394,0.6353,0.5302,262,0.6379,0.5225,1.857098
0.4909,0.3216,4307,0.4910,0.3134,298,0.5083,0.3200,1.941694
0.7425,0.2420,5861,0.7456,0.2374,98,0.7496,0.2357,1.067172
0.4395,0.3211,4911,0.4397,0.3159,127,0.4398,0.3106,1.167235
0.4753,0.5493,3388,0.4804,0.5413,282,0.4804,0.5295,2.273991
0.3476,0.1501,3605,0.3464,0.1493,955,0.3550,0.1391,1.478831
0.2846,0.1512,1559,0.2865,0.1500,213,0.2886,0.1491,0.502924
0.4851,0.7045,2625,0.4881,0.6979,250,0.4914,0.6903,1.726099
0.2982,0.1041,3440,0.3072,0.1018,270,0.3149,0.0905,2.390697
0.0790,0.3718,2570,0.0793,0.3713,246,0.0794,0.3711,0.088395
0.6472,0.0293,5424,0.6467,0.0335,140,0.6468,0.0376,0.930318
0.0736,0.7620,180,0.0791,0.7694,98,0.0839,0.7782,2.134650
0.4523,0.2312,4084,0.4511,0.2334,159,0.4508,0.2376,0.741184
0.4935,0.2530,4723,0.4898,0.2726,98,0.5164,0.2607,2.694698
0.8031,0.6940,4602,0.7943,0.6979,159,0.7976,0.6794,1.736346
0.3373,0.0719,4469,0.3333,0.0696,172,0.3286,0.0701,0.992530
0.0837,0.3463,3532,0.0993,0.3206,179,0.1054,0.2913,6.575994
0.5404,0.1507,5509,0.5266,0.1451,103,0.5123,0.1428,3.234821
0.1580,0.0340,3158,0.1617,0.0327,193,0.1653,0.0314,0.860071
0.7394,0.7357,4705,0.7409,0.7441,213,0.7384,0.7341,0.205789
0.6342,0.3310,5257,0.6428,0.3269,1162,0.6520,0.3126,2.848119
0.2592,0.2415,1606,0.2553,0.2433,240,0.2495,0.2429,1.095830
0.7160,0.2589,5718,0.7169,0.2457,278,0.7097,0.2413,2.071259
0.4057,0.0212,4790,0.4110,0.0189,105,0.4024,0.0225,0.399678
0.0313,0.0479,4001,0.0307,0.0447,124,0.0298,0.0430,0.564248
0.0535,0.5116,2999,0.0565,0.5163,103,0.0596,0.5207,1.219490
0.7064,0.5817,5278,0.7120,0.5693,110,0.7232,0.5604,3.021940
0.0412,0.6564,590,0.0356,0.6479,98,0.0403,0.6680,1.299380
0.2220,0.5682,3493,0.2178,0.5674,186,0.2124,0.5674,1.069922
0.6979,0.6634,4797,0.6986,0.6599,163,0.6981,0.6564,0.774485
0.6932,0.0813,5223,0.6919,0.0848,170,0.6905,0.0883,0.840128
0.3395,0.7269,2021,0.3503,0.7246,230,0.3542,0.7206,1.787216
0.1658,0.7442,384,0.1628,0.7578,115,0.1743,0.7265,2.187299
0.7600,0.2643,4983,0.7572,0.2617,98,0.7536,0.2597,0.874734
0.1801,0.4433,3420,0.1893,0.4245,1015,0.1992,0.4309,2.530951
0.4565,0.7332,1599,0.4594,0.7391,233,0.4623,0.7438,1.342669
0.0241,0.7450,945,0.0171,0.7301,319,0.0039,0.7206,3.516155
0.4892,0.3015,4459,0.4679,0.2920,126,0.4983,0.2938,1.320665
0.2063,0.5242,4153,0.2059,0.5274,308,0.2078,0.5298,0.642756
0.7095,0.4245,5216,0.7170,0.4178,170,0.7066,0.4249,0.327437
0.0839,0.7782,205,0.0915,0.7868,200,0.0958,0.7914,1.976609
0.5874,0.1589,5325,0.5836,0.1671,188,0.5806,0.1511,1.154323
0.3812,0.0326,5481,0.3851,0.0461,143,0.3885,0.0556,2.676038
0.2411,0.3068,3533,0.2477,0.3094,324,0.2459,0.3328,2.931640
0.0229,0.4240,865,0.0370,0.4226,239,0.0472,0.4239,2.699040
0.6905,0.0883,5667,0.6982,0.0833,665,0.7102,0.0802,2.375596
0.0179,0.7518,459,0.0180,0.7471,125,0.0241,0.7450,1.019095
0.4077,0.2953,4091,0.4078,0.3033,195,0.4081,0.3114,1.790515
0.0434,0.1000,3657,0.0418,0.0907,462,0.0382,0.0653,3.894039
0.7035,0.0574,5070,0.6985,0.0549,256,0.6964,0.0498,1.160031
0.2566,0.6260,3662,0.2454,0.6276,286,0.2361,0.6279,2.291043
0.3274,0.2533,3773,0.3345,0.2521,102,0.3403,0.2468,1.602280
0.7661,0.7629,5266,0.7738,0.7525,533,0.7864,0.7490,2.733761
0.6178,0.4502,5889,0.7009,0.4259,4125,0.7554,0.4408,15.326166
0.2481,0.4870,4018,0.2452,0.4860,280,0.2440,0.4846,0.528451
0.2541,0.6558,3434,0.2608,0.6594,298,0.2672,0.6614,1.582001
0.7291,0.3620,4932,0.7276,0.3702,211,0.7297,0.3757,1.524688
0.6676,0.0125,4984,0.6608,0.0135,439,0.6797,0.0031,1.706009
0.1265,0.4850,2852,0.1241,0.4906,388,0.1224,0.4952,1.225110
0.2159,0.4156,3974,0.2085,0.4117,120,0.2010,0.4077,1.869248
0.2554,0.0961,1847,0.2430,0.0883,177,0.2328,0.0843,2.835768
0.3167,0.0674,4266,0.3201,0.0702,131,0.3081,0.0686,0.957490
0.7213,0.7007,5074,0.7226,0.6992,183,0.7244,0.6979,0.456388
0.4505,0.6926,1877,0.4452,0.6907,254,0.4398,0.6885,1.269534
0.0794,0.3711,2929,0.0826,0.3598,261,0.0837,0.3463,2.791395
0.3306,0.3011,3443,0.3300,0.3003,103,0.3292,0.2994,0.245332
0.6520,0.4270,5197,0.6498,0.4219,140,0.6516,0.4185,0.942856
0.6786,0.2970,4856,0.6807,0.2976,164,0.6822,0.2984,0.426406
0.2315,0.6636,2722,0.2431,0.6599,227,0.2541,0.6558,2.658160
0.1584,0.1103,2584,0.1557,0.1030,258,0.1629,0.1016,1.086480
0.6235,0.7744,4475,0.6224,0.7719,167,0.6224,0.7687,0.637942
0.2948,0.2596,3643,0.3027,0.2811,786,0.3274,0.2533,3.687961
0.6010,0.5241,4245,0.6061,0.5206,255,0.6108,0.5179,1.295714
0.2666,0.4299,4323,0.2712,0.4253,298,0.2752,0.4205,1.408363
0.6647,0.6129,4091,0.6659,0.6094,147,0.6594,0.6140,0.595167
0.3455,0.1368,4090,0.3509,0.1378,115,0.3550,0.1391,1.090338
0.6556,0.1831,5454,0.6604,0.1890,323,0.6820,0.1863,2.956234
0.8021,0.4777,5468,0.8019,0.4746,231,0.8017,0.4708,0.769732
0.2965,0.6916,1389,0.2977,0.6852,204,0.2995,0.6765,1.715075
0.3895,0.5610,4053,0.3855,0.5652,121,0.3813,0.5723,1.553993
0.1591,0.6223,3328,0.1571,0.6245,179,0.1551,0.6265,0.646473
0.3545,0.1589,2666,0.3631,0.1618,111,0.3476,0.1501,1.238512
0.5144,0.2232,4536,0.5144,0.2210,276,0.5331,0.2136,2.336237
0.3499,0.5749,3855,0.3521,0.5671,185,0.3541,0.5593,1.788082
0.6638,0.4967,4738,0.6694,0.4900,205,0.6759,0.4853,1.843360
0.4066,0.8089,688,0.4125,0.8052,191,0.4200,0.8007,1.745779
0.2751,0.2398,2772,0.2756,0.2635,369,0.2762,0.2652,2.818135
0.0062,0.6839,97,0.1181,0.1710,91,0.0181,0.6750,1.657715
0.7880,0.4910,4848,0.7870,0.4876,222,0.7861,0.4838,0.831148
0.5767,0.2948,5281,0.5858,0.2963,196,0.5898,0.2929,1.467273
0.3212,0.5994,4085,0.3191,0.5818,237,0.3153,0.5802,2.230325
0.6594,0.6140,4131,0.6552,0.6178,98,0.6510,0.6207,1.203184
0.1263,0.7216,651,0.1334,0.7179,217,0.1217,0.7342,1.488855
0.8009,0.2884,3638,0.8024,0.2797,182,0.8067,0.2734,1.787731
0.2753,0.5055,3646,0.2746,0.5168,108,0.2648,0.4952,1.643984
0.3114,0.7252,652,0.3174,0.7226,216,0.3205,0.7209,1.119749
0.4504,0.3012,4726,0.4438,0.3055,191,0.4547,0.2972,0.649543
0.0499,0.5832,2541,0.0506,0.5774,245,0.0493,0.5682,1.675381
0.6754,0.0180,4850,0.6865,0.0205,231,0.6731,0.0125,0.656959
0.2104,0.5779,3384,0.2130,0.5774,98,0.2153,0.5756,0.599089
0.4471,0.0784,5976,0.4473,0.0652,273,0.4557,0.0808,0.992329
0.4398,0.6536,2059,0.4463,0.6451,269,0.4571,0.6397,2.455068
0.4394,0.7342,579,0.4382,0.7279,158,0.4354,0.7178,1.877314
0.7597,0.2332,6181,0.7583,0.2206,98,0.7527,0.2080,2.898238
0.4559,0.7975,2526,0.4593,0.7174,1942,0.5113,0.7347,9.295720
0.4804,0.5295,4410,0.4527,0.4963,434,0.5053,0.5093,3.561788
0.0684,0.0797,3039,0.0638,0.0698,227,0.0550,0.0622,2.447503
0.3130,0.0213,4405,0.3096,0.0171,162,0.3054,0.0106,1.457175
0.4472,0.2368,4237,0.4489,0.2371,190,0.4508,0.2376,0.404067
0.7157,0.7187,4876,0.7076,0.7179,235,0.6972,0.7191,2.055169
0.3994,0.8061,106,0.4045,0.8059,98,0.4066,0.8089,0.858773
0.7056,0.5509,5029,0.7110,0.5493,254,0.7163,0.5507,1.185416
0.6446,0.7840,3865,0.6486,0.7829,98,0.6532,0.7799,1.055611
0.3853,0.5852,3749,0.3805,0.5797,117,0.3764,0.5750,1.501827
0.1551,0.6265,3469,0.1596,0.6295,188,0.1642,0.6326,1.218265
0.5465,0.0682,6044,0.5717,0.0608,98,0.5879,0.0584,4.729075
0.4065,0.0265,5001,0.4265,0.0219,461,0.3812,0.0326,2.886135
0.2195,0.1127,2687,0.2218,0.1022,98,0.2220,0.0920,2.324353
0.3765,0.4445,4639,0.3720,0.4518,214,0.3709,0.4592,1.739586
0.3213,0.1239,3285,0.3264,0.1274,177,0.3303,0.1297,1.189302
0.7012,0.4803,5341,0.7002,0.4789,2023,0.6916,0.4629,2.207611
0.2821,0.7834,56,0.1181,0.1710,51,0.2849,0.7753,0.945867
0.3850,0.6259,3037,0.3870,0.6201,265,0.3879,0.6143,1.334564
0.3640,0.3191,3306,0.3621,0.3129,280,0.3538,0.3072,1.749822
0.6341,0.7494,4705,0.6424,0.7517,212,0.6507,0.7525,1.878530
0.4564,0.7621,1811,0.4510,0.7775,104,0.4469,0.7930,3.588928
0.1739,0.6465,2935,0.1680,0.6380,256,0.1642,0.6326,1.885318
0.7162,0.4968,4707,0.7100,0.4917,212,0.7012,0.4803,2.473979
0.1559,0.7620,666,0.1593,0.7681,197,0.1639,0.7741,1.619922
0.0375,0.1396,2087,0.0409,0.1310,273,0.0509,0.1517,2.007830
0.2896,0.5709,4861,0.3384,0.5460,755,0.3405,0.5408,6.567166
0.5721,0.2624,5361,0.5725,0.2646,171,0.5727,0.2670,0.513660
0.6782,0.7006,4689,0.6874,0.6914,219,0.6946,0.6839,2.604143
0.3558,0.2630,3910,0.3500,0.2500,185,0.3403,0.2468,2.490702
0.0595,0.4037,754,0.0533,0.4127,248,0.0472,0.4239,2.634521
0.5794,0.1454,5240,0.5799,0.1483,261,0.5806,0.1511,0.642785
0.3725,0.7115,1586,0.3698,0.7097,98,0.3665,0.7095,0.695879
0.2762,0.2652,3177,0.2886,0.2612,98,0.2948,0.2596,2.158358
0.2849,0.7753,524,0.2994,0.7529,98,0.2942,0.7873,1.684035
0.4307,0.3237,4667,0.4350,0.3232,171,0.4395,0.3211,1.016968
0.0550,0.0622,3849,0.0460,0.0637,105,0.0382,0.0653,1.897800
0.6366,0.0335,5363,0.6419,0.0375,177,0.6468,0.0376,1.223630
0.1408,0.7112,1472,0.1567,0.7002,217,0.1707,0.6865,4.309000
0.7381,0.7745,4955,0.7446,0.7671,1008,0.7661,0.7629,3.366911
0.4210,0.5407,3706,0.4172,0.5446,211,0.4217,0.5388,0.226832
0.4435,0.6056,3126,0.4413,0.6049,153,0.4390,0.6044,0.510283
0.3081,0.0686,4419,0.3124,0.0778,150,0.3286,0.0701,2.277136
0.6071,0.2259,5034,0.6150,0.2279,228,0.6202,0.2320,1.608648
0.5919,0.5767,3436,0.5993,0.5858,184,0.6054,0.5916,2.237292
0.2446,0.0678,2213,0.2362,0.0712,223,0.2563,0.0704,1.336815
0.5833,0.1704,5400,0.6021,0.1521,308,0.6171,0.1453,4.686191
0.4702,0.6197,2791,0.4663,0.6221,150,0.4625,0.6246,1.016739
0.5879,0.0584,6464,0.5945,0.0516,272,0.6011,0.0442,2.146259
0.3882,0.5074,4869,0.3855,0.5037,162,0.3832,0.5003,0.966137
0.4616,0.2270,4438,0.4578,0.2308,799,0.4935,0.2530,4.575924
0.3086,0.7972,311,0.2993,0.7926,308,0.2942,0.7873,1.937074
0.2976,0.2687,3397,0.2957,0.2645,203,0.2948,0.2596,1.052540
0.6242,0.5854,3692,0.6175,0.5836,288,0.6111,0.5831,1.476099
0.3879,0.6143,3180,0.3971,0.6123,264,0.4001,0.6092,1.463219
0.0993,0.6494,1370,0.1009,0.6603,158,0.1049,0.6640,1.740517
0.3383,0.6468,3248,0.3397,0.6387,170,0.3393,0.6311,1.747363
0.0334,0.6434,783,0.0383,0.6321,252,0.0383,0.6248,2.146602
0.0433,0.5131,2854,0.0481,0.5110,207,0.0535,0.5116,1.147965
0.1639,0.7741,843,0.1154,0.7559,661,0.1408,0.7112,7.454064
0.6441,0.6348,4611,0.6443,0.6361,641,0.6300,0.6522,2.492133
0.4294,0.4716,4498,0.4165,0.4689,113,0.4061,0.4683,2.607962
0.4968,0.0361,5837,0.4887,0.0299,182,0.5066,0.0419,1.274530
0.6720,0.7949,3275,0.6623,0.7937,180,0.6551,0.7917,1.910108
0.7086,0.2916,4730,0.7018,0.2966,203,0.6981,0.3020,1.647652
0.7779,0.3082,4102,0.7794,0.3102,147,0.7807,0.3111,0.453107
0.6335,0.7543,4552,0.6338,0.7519,157,0.6341,0.7494,0.544420
0.0298,0.0430,4025,0.0320,0.0516,382,0.0382,0.0653,2.644739
0.4273,0.2720,4655,0.4313,0.2725,440,0.4504,0.3012,4.139639
0.4086,0.7956,372,0.4143,0.7982,109,0.4200,0.8007,1.390918
0.0481,0.6202,977,0.0432,0.6225,98,0.0571,0.6259,1.188021
0.0169,0.4509,745,0.0185,0.4383,230,0.0229,0.4240,3.062520
0.0632,0.5637,2873,0.0588,0.5602,281,0.0538,0.5616,1.077515
0.2648,0.4952,4085,0.2696,0.4995,550,0.2476,0.4817,2.421813
0.3676,0.5754,4344,0.3664,0.5704,379,0.3541,0.5593,2.325918
0.5385,0.2274,4893,0.5404,0.2369,142,0.5398,0.2426,1.694747
0.0743,0.1965,2777,0.0684,0.1910,451,0.0802,0.1683,3.193986
0.5140,0.2185,4451,0.5187,0.2122,172,0.5144,0.2232,0.525369
0.4420,0.7623,1057,0.4491,0.7609,271,0.4564,0.7621,1.600024
0.1444,0.7257,106,0.1443,0.7235,98,0.1438,0.7212,0.497766
0.6710,0.5311,4510,0.6695,0.5377,168,0.6678,0.5444,1.516347
0.6656,0.0111,4706,0.6666,0.0126,98,0.6676,0.0125,0.267676
0.6532,0.7799,4103,0.6340,0.7784,379,0.6507,0.7525,3.054118
0.3318,0.6911,2334,0.3378,0.6866,222,0.3437,0.6821,1.650848
0.7645,0.5128,5528,0.7644,0.5214,98,0.7627,0.5309,2.020168
0.5392,0.1574,5491,0.5400,0.1543,151,0.5404,0.1507,0.747301
0.2478,0.3380,3859,0.2501,0.3404,234,0.2459,0.3328,0.622424
0.7469,0.1978,5964,0.7496,0.2029,231,0.7527,0.2080,1.307287
0.2758,0.6737,2787,0.2718,0.6680,150,0.2672,0.6614,1.665829
0.3292,0.2994,3618,0.3317,0.2883,138,0.3332,0.2721,3.064840
0.6914,0.2675,5353,0.6940,0.2660,266,0.6987,0.2619,1.023567
0.6558,0.6012,3723,0.6627,0.6040,277,0.6678,0.6049,1.391280
0.6111,0.5831,3909,0.6121,0.5871,187,0.6113,0.5933,1.137428
0.1471,0.0620,982,0.1400,0.0518,253,0.1353,0.0455,2.258179
0.3542,0.7206,2171,0.3617,0.7129,508,0.3665,0.7095,1.838253
0.4623,0.7438,1810,0.4633,0.7481,667,0.4564,0.7621,2.137670
0.2764,0.3249,4081,0.2791,0.3320,104,0.2810,0.3393,1.672676
0.2278,0.2355,2631,0.2312,0.2262,98,0.2327,0.2149,2.362864
0.0211,0.7355,919,0.0226,0.7403,267,0.0241,0.7450,1.105169
0.1815,0.2724,3829,0.1646,0.2812,311,0.1655,0.2880,2.482755
0.3721,0.5313,4478,0.3755,0.5309,308,0.3775,0.5301,0.615939
0.3550,0.4605,4859,0.3586,0.4613,145,0.3642,0.4597,1.032628
0.6516,0.4185,5226,0.6460,0.4300,287,0.6395,0.4283,1.728065
0.4511,0.3629,3737,0.4454,0.3707,180,0.4403,0.3811,2.349038
0.2192,0.3167,3421,0.2206,0.3229,273,0.2118,0.3369,2.400070
0.6040,0.7667,4585,0.5998,0.7515,1115,0.5988,0.7492,2.020418
0.3841,0.8087,218,0.3932,0.8098,217,0.4066,0.8089,2.501112
0.4784,0.4419,4544,0.4780,0.4504,145,0.4772,0.4589,1.900531
0.2536,0.3144,3354,0.2603,0.3145,139,0.2411,0.3068,1.630332
0.5900,0.5753,3385,0.5911,0.5759,179,0.5919,0.5767,0.266172
0.1353,0.0455,2753,0.1317,0.0352,165,0.1286,0.0299,1.878614
0.0472,0.4239,1416,0.0630,0.4274,314,0.0982,0.4528,6.514675
0.6525,0.7792,3571,0.6529,0.7796,180,0.6532,0.7799,0.110641
0.4625,0.6246,2792,0.4586,0.6197,150,0.4553,0.6167,1.182688
0.7407,0.0498,5890,0.7431,0.0409,103,0.7457,0.0324,2.003212
0.7102,0.0802,5683,0.6634,0.1285,1290,0.7407,0.0498,4.784438
0.6887,0.5027,4277,0.6816,0.4946,197,0.6759,0.4853,2.402695
0.7708,0.4960,5295,0.7690,0.5035,140,0.7645,0.5128,1.993416
0.7551,0.6519,4664,0.7500,0.6553,182,0.7458,0.6577,1.216214
0.1832,0.2261,3163,0.1628,0.2595,417,0.1591,0.2599,4.608560
0.2309,0.4884,3996,0.2244,0.4828,144,0.2440,0.4846,1.515043
0.2495,0.2429,2094,0.2400,0.2380,98,0.2535,0.2535,1.258695
0.7692,0.2793,4526,0.7688,0.2779,98,0.7687,0.2772,0.234269
0.1392,0.7723,369,0.1480,0.7674,98,0.1559,0.7620,2.187101
0.3177,0.3698,4948,0.3143,0.3645,164,0.3098,0.3594,1.445124
0.6113,0.5933,4114,0.6107,0.5986,194,0.6077,0.6077,1.644637
0.0412,0.6887,557,0.0348,0.6896,98,0.0278,0.6907,1.503601
0.3885,0.0556,5548,0.3906,0.0086,2415,0.4362,0.0497,5.334712
0.7723,0.3385,5467,0.7825,0.3499,210,0.7919,0.3518,2.638259
0.6515,0.4810,5232,0.6480,0.4788,98,0.6452,0.4748,0.990456
0.3261,0.5530,4673,0.3114,0.5586,344,0.3405,0.5408,2.097183
0.6004,0.6087,4377,0.6029,0.6083,437,0.6196,0.6187,2.413397
0.4032,0.3109,3556,0.4056,0.3113,180,0.4081,0.3114,0.546354
0.0105,0.1412,1578,0.0145,0.1450,208,0.0172,0.1489,1.134373
0.1629,0.1016,2843,0.1730,0.1099,253,0.1794,0.1101,2.065033
0.3661,0.6792,3119,0.3689,0.6786,293,0.3725,0.6782,0.717841
0.0534,0.5047,2959,0.0534,0.5090,107,0.0535,0.5116,0.765102
0.4214,0.4967,4029,0.4329,0.4962,183,0.4246,0.5120,1.738334
0.2911,0.1348,2020,0.2757,0.1321,140,0.2603,0.1293,3.471557
0.2995,0.6765,1657,0.2994,0.6724,190,0.3007,0.6666,1.106839
0.3098,0.5634,4848,0.3016,0.5681,196,0.2896,0.5709,2.390505
0.1743,0.7287,43,0.1181,0.1710,38,0.1743,0.7265,0.252736
0.1049,0.6640,1430,0.0896,0.6434,284,0.1157,0.6280,4.183031
0.3204,0.2243,3602,0.3235,0.2365,294,0.3274,0.2533,3.315147
0.0060,0.1944,1447,0.0225,0.1986,214,0.0414,0.2047,4.095841
0.6377,0.4873,5624,0.6415,0.4810,361,0.6419,0.4654,2.478641
0.5700,0.7179,4491,0.5758,0.7172,945,0.5676,0.7354,1.959999
0.2095,0.6258,3547,0.2180,0.6186,112,0.1998,0.6338,1.391159
0.2499,0.7843,1076,0.2667,0.7797,654,0.2458,0.6967,9.748450
0.3027,0.2817,3218,0.3061,0.2904,136,0.3028,0.2804,0.147412
0.2579,0.5731,4354,0.2651,0.5739,155,0.2719,0.5741,1.553255
0.6286,0.0966,5805,0.6301,0.0961,211,0.6315,0.0957,0.337341
0.4064,0.3355,3650,0.4129,0.3259,150,0.4029,0.3384,0.503410
0.5839,0.7364,4405,0.5845,0.7345,134,0.5859,0.7326,0.477051
0.4571,0.6397,2139,0.4521,0.6317,204,0.4501,0.6273,1.585074
0.5211,0.2051,4503,0.5257,0.2082,157,0.5331,0.2136,1.638721
0.2759,0.2623,2510,0.2805,0.2502,98,0.2762,0.2652,0.325648
0.3823,0.7188,2248,0.3784,0.7149,867,0.3665,0.7095,2.029860
0.3301,0.2629,3669,0.3322,0.2670,170,0.3332,0.2721,1.077640
0.2301,0.6855,2185,0.2310,0.6752,287,0.2315,0.6636,2.430676
0.5423,0.1967,4635,0.5507,0.1949,275,0.5575,0.1914,1.785490
0.6154,0.0873,5734,0.6205,0.0935,209,0.6111,0.0835,0.641732
0.1190,0.0151,3453,0.1188,0.0290,794,0.0584,0.0577,8.236579
0.3626,0.6955,2634,0.3635,0.6952,234,0.3644,0.6952,0.195154
0.2458,0.6967,1664,0.2377,0.6895,189,0.2301,0.6855,2.149854
0.1822,0.3604,3556,0.2335,0.3141,505,0.2124,0.3887,4.601029
0.3230,0.5820,4031,0.3239,0.5900,159,0.3153,0.5802,0.875341
0.2148,0.0461,3066,0.2013,0.0400,98,0.1892,0.0341,3.147821
0.1825,0.5519,4147,0.1840,0.5578,242,0.1795,0.5377,1.622904
0.6678,0.6049,4338,0.6606,0.6135,2724,0.6835,0.5804,3.237235
0.0160,0.7238,719,0.0100,0.7205,98,0.0039,0.7206,1.382072
0.5709,0.7340,4403,0.5792,0.7325,190,0.5676,0.7354,0.398179
0.6345,0.0376,5269,0.6258,0.0446,271,0.6366,0.0335,0.515770
0.2241,0.7382,301,0.2369,0.7164,297,0.2458,0.6967,5.198828
0.2588,0.3723,4245,0.2642,0.3594,254,0.2698,0.3464,3.131942
0.6060,0.5334,4084,0.6038,0.5298,192,0.6010,0.5241,1.176321
0.5988,0.7492,4662,0.6135,0.7868,1225,0.6341,0.7494,3.918143
0.1366,0.6066,3107,0.1390,0.6167,166,0.1551,0.6265,3.019796
0.5342,0.4354,4954,0.5121,0.4310,4394,0.6140,0.4500,9.012067
0.4029,0.3384,3739,0.4061,0.3414,98,0.4087,0.3436,0.861768
0.2221,0.3290,3305,0.2199,0.3323,123,0.2192,0.3167,1.405357
0.3905,0.0073,4825,0.3841,0.0114,98,0.3769,0.0111,1.575467
0.7744,0.7241,5340,0.7802,0.7237,102,0.7874,0.7233,1.448598
0.6202,0.2320,5092,0.6219,0.2257,98,0.6226,0.2198,1.374357
0.6560,0.0465,5254,0.6522,0.0426,261,0.6468,0.0376,1.419038
0.4354,0.7178,2469,0.4297,0.7090,239,0.4190,0.7050,2.312754
0.2956,0.1505,985,0.2921,0.1491,114,0.2886,0.1491,0.787031
0.2978,0.0620,3912,0.3033,0.0666,185,0.3081,0.0686,1.368885
0.1220,0.7547,493,0.1265,0.7581,220,0.1078,0.7581,1.633056
0.3367,0.5544,4298,0.3331,0.5546,155,0.3261,0.5530,1.185374
0.2222,0.0184,2408,0.2186,0.0324,229,0.2148,0.0461,3.187641
0.3839,0.3375,3296,0.3934,0.3369,158,0.4029,0.3384,2.109199
0.2698,0.3464,4439,0.3267,0.3209,2224,0.3098,0.3594,4.673635
0.3761,0.6686,3649,0.3615,0.6560,1124,0.3354,0.6140,7.557360
0.4165,0.7368,2124,0.4076,0.7314,1097,0.4354,0.7178,2.979103
0.6429,0.2549,5350,0.6331,0.2435,531,0.6362,0.2350,2.330906
0.6678,0.5444,4843,0.6697,0.5217,608,0.7056,0.5509,4.264698
0.5827,0.7841,4095,0.5886,0.7811,244,0.5943,0.7783,1.441221
0.5459,0.2225,4543,0.5530,0.2144,98,0.5385,0.2274,0.981937
0.3303,0.1297,3590,0.3337,0.1187,112,0.3455,0.1368,1.863705
0.2173,0.6351,3271,0.2144,0.6299,245,0.2095,0.6258,1.346658
0.3286,0.7043,1726,0.3300,0.6980,198,0.3318,0.6911,1.510532
0.7059,0.0382,5173,0.7150,0.0394,155,0.7031,0.0280,1.174268
0.1480,0.0155,3096,0.1544,0.0181,98,0.1512,0.0090,0.799362
0.6087,0.7865,4405,0.6013,0.7861,156,0.6172,0.7876,0.947182
0.2103,0.6442,2910,0.2072,0.6395,156,0.2035,0.6351,1.258723
0.3348,0.0119,4969,0.3429,0.0161,125,0.3504,0.0208,2.005190
0.1078,0.7581,813,0.1139,0.7481,210,0.1217,0.7342,3.075141
0.5488,0.1774,4460,0.5534,0.1837,192,0.5575,0.1914,1.843423
0.4923,0.2866,4943,0.5048,0.2568,380,0.4398,0.3106,6.421296
0.7346,0.7589,4549,0.7275,0.7608,158,0.7444,0.7547,1.192455
0.7144,0.3044,4368,0.7118,0.2972,157,0.7086,0.2916,1.562825
0.3991,0.5819,3824,0.3984,0.5816,1092,0.3813,0.5723,2.251363
0.4825,0.3683,4241,0.4838,0.3511,196,0.4751,0.3415,3.098511
0.0549,0.7149,564,0.0525,0.7140,433,0.0809,0.7136,2.893522
0.0042,0.2451,2587,0.0480,0.1974,1132,0.0546,0.1926,8.092523
0.2719,0.5741,4616,0.2801,0.5729,121,0.2896,0.5709,2.002374
0.8044,0.3389,5739,0.7983,0.3474,232,0.7919,0.3518,1.989229
0.3117,0.0463,3794,0.3122,0.0525,103,0.3137,0.0536,0.834596
0.7058,0.3923,4819,0.7154,0.4022,258,0.7244,0.4111,2.945536
0.4196,0.3158,4303,0.4251,0.3198,124,0.4203,0.3130,0.321890
0.7827,0.2458,6449,0.8005,0.2419,1242,0.8033,0.2381,2.443141
0.3699,0.1264,4969,0.3311,0.1325,3152,0.4250,0.0970,6.938635
0.3764,0.5750,4287,0.3721,0.5751,113,0.3676,0.5754,0.982019
0.0121,0.4795,1138,0.0103,0.4884,290,0.0087,0.4961,1.881838
0.4161,0.6613,3150,0.4178,0.6527,1122,0.3761,0.6686,4.521482
0.4190,0.7050,2611,0.4134,0.7019,260,0.4084,0.7010,1.259409
0.3521,0.0634,5150,0.3160,0.0388,3378,0.3885,0.0556,4.147625
0.5338,0.6621,3475,0.5305,0.6668,114,0.5276,0.6720,1.303275
0.1054,0.2913,3679,0.1145,0.2911,178,0.1253,0.2937,2.223517
0.4941,0.0051,5627,0.4889,0.0083,277,0.4806,0.0132,1.742811
0.6085,0.2060,5120,0.6126,0.2097,258,0.6171,0.2128,1.214556
0.7973,0.1075,4994,0.8045,0.1215,145,0.8007,0.1386,3.470643
0.1707,0.6865,1544,0.1705,0.6693,178,0.1683,0.6508,3.974143
0.1609,0.7944,38,0.1181,0.1710,32,0.1513,0.7919,1.096170
0.0383,0.6248,1424,0.0510,0.6235,559,0.0571,0.6259,2.092045
0.7156,0.7604,4847,0.7376,0.7566,574,0.7381,0.7745,2.956097
0.3454,0.3057,3553,0.3370,0.2995,584,0.3292,0.2994,1.935075
0.0932,0.7198,1098,0.0880,0.7164,166,0.0809,0.7136,1.520365
0.3271,0.4038,4661,0.3279,0.3922,283,0.3393,0.4189,2.159912
0.1186,0.1186,2283,0.1109,0.1111,1059,0.1480,0.1008,3.822721
0.6323,0.7272,4187,0.6440,0.7271,129,0.6539,0.7257,2.402233
0.6981,0.6564,4858,0.7026,0.6530,254,0.7065,0.6526,1.020194
0.2279,0.4385,4010,0.2214,0.4264,164,0.2462,0.4474,2.254800
0.7043,0.2181,6045,0.7095,0.2295,103,0.7097,0.2413,2.643798
0.3722,0.1644,3303,0.3885,0.1687,249,0.3476,0.1501,3.151418
0.0675,0.1937,2661,0.0718,0.1949,107,0.0743,0.1965,0.815826
0.3929,0.7295,2041,0.3966,0.7278,225,0.3982,0.7258,0.716451
0.1998,0.6338,3708,0.1868,0.6363,125,0.1777,0.6258,2.613287
0.3594,0.4846,5248,0.3636,0.4673,2190,0.6140,0.4500,28.549896
0.7046,0.1869,5716,0.6959,0.1867,448,0.7043,0.2181,3.474092
0.6140,0.4500,5806,0.6160,0.4500,234,0.6178,0.4502,0.420525
0.0201,0.0410,3906,0.0257,0.0421,216,0.0298,0.0430,1.105490
0.2813,0.3133,4018,0.2785,0.3190,190,0.2764,0.3249,1.398941
0.2679,0.4852,3984,0.2664,0.4903,184,0.2648,0.4952,1.163093
0.1601,0.2742,3689,0.1680,0.2715,137,0.1655,0.2880,1.649078
0.0172,0.1489,1930,0.0314,0.1426,222,0.0375,0.1396,2.483149
0.4028,0.7732,546,0.3965,0.7738,148,0.3917,0.7747,1.244462
0.1591,0.2599,3429,0.1586,0.2668,180,0.1601,0.2742,1.602082
0.0087,0.4961,1910,0.0210,0.5186,289,0.0307,0.5237,3.925927
0.6658,0.1911,5327,0.6741,0.1896,170,0.6556,0.1831,1.434923
0.7687,0.2772,4672,0.7656,0.2674,178,0.7600,0.2643,1.735645
0.1827,0.5894,4123,0.1811,0.6019,294,0.1802,0.5743,1.703938
0.0124,0.4230,587,0.0187,0.4244,176,0.0229,0.4240,1.176095
0.5798,0.5229,4022,0.5941,0.5217,299,0.6010,0.5241,2.359410
0.1545,0.3966,4006,0.1747,0.4196,2482,0.2010,0.4077,5.312822
0.4098,0.6017,3436,0.4081,0.5948,293,0.4001,0.6092,1.365152
0.7871,0.7944,4309,0.7856,0.7905,198,0.7840,0.7867,0.921075
0.6896,0.2669,5167,0.6908,0.2671,127,0.6914,0.2675,0.213256
0.7109,0.3252,4783,0.7057,0.3272,98,0.7005,0.3293,1.239558
0.5539,0.6793,3777,0.5522,0.6866,103,0.5507,0.6924,1.496431
0.0500,0.1212,2583,0.0516,0.1084,103,0.0434,0.1000,2.477308
0.4218,0.3636,3849,0.4308,0.3730,141,0.4264,0.3528,1.310450
0.7300,0.0602,5626,0.7335,0.0559,142,0.7407,0.0498,1.658475
0.7677,0.4783,5059,0.7639,0.4717,167,0.7750,0.4817,0.896823
0.1513,0.7919,105,0.1575,0.7865,98,0.1639,0.7741,2.424133
0.6300,0.6522,4856,0.6683,0.6406,2976,0.6981,0.6564,7.592443
0.3176,0.1961,1876,0.3167,0.2041,216,0.3147,0.2101,1.584058
0.1898,0.5749,4092,0.1995,0.5818,185,0.1919,0.5677,0.834115
0.6556,0.4337,5191,0.6539,0.4400,171,0.6520,0.4270,0.845870
0.3840,0.2814,4072,0.3829,0.2900,478,0.4077,0.2953,3.054495
0.2153,0.5756,3544,0.2149,0.5722,113,0.2124,0.5674,0.965808
0.0546,0.1926,2635,0.0615,0.1940,221,0.0675,0.1937,1.439564
0.2668,0.2677,2669,0.2613,0.2727,98,0.2762,0.2652,1.081365
0.3642,0.4597,5169,0.3784,0.3470,2072,0.3594,0.4846,2.808327
0.5565,0.2090,4959,0.5431,0.2268,575,0.5678,0.2354,3.193369
0.7969,0.7719,5146,0.8002,0.7614,214,0.8038,0.7507,2.469639
0.1700,0.2566,2862,0.1714,0.2398,98,0.1591,0.2599,1.266870
0.7297,0.3757,5139,0.7353,0.3773,216,0.7400,0.3792,1.215071
0.1438,0.7212,597,0.1414,0.7161,98,0.1408,0.7112,1.168270
0.2793,0.1657,2136,0.2845,0.1593,919,0.2603,0.1293,4.562829
0.0009,0.0279,3903,0.0127,0.0379,185,0.0201,0.0410,2.581669
0.6551,0.7917,3468,0.6557,0.7880,157,0.6556,0.7838,0.875180
0.3680,0.7373,1151,0.3731,0.7441,215,0.3698,0.7280,1.052187
0.1743,0.7265,495,0.1599,0.7236,98,0.1438,0.7212,3.429875
0.2816,0.0090,4236,0.2872,0.0102,197,0.3054,0.0106,2.653003
0.2327,0.2149,2705,0.2393,0.2109,103,0.2462,0.2056,1.821896
0.2797,0.7072,228,0.2880,0.6994,226,0.2965,0.6916,2.540209
0.1653,0.0314,3360,0.1644,0.0243,105,0.1593,0.0222,1.224490
0.0856,0.5815,2655,0.0746,0.5725,221,0.0632,0.5637,3.177551
0.6510,0.6207,4250,0.6491,0.6322,131,0.6441,0.6348,1.741180
0.7065,0.6526,5292,0.7006,0.6658,1070,0.7244,0.6979,5.412441
0.0681,0.0920,2850,0.0678,0.0860,314,0.0684,0.0797,1.368729
0.7907,0.0049,6045,0.7902,0.0162,293,0.7738,0.0148,2.169258
0.0286,0.7048,931,0.0138,0.7112,139,0.0039,0.7206,3.259757
0.3794,0.7585,910,0.3797,0.7544,245,0.3783,0.7508,0.865684
0.6224,0.7687,4640,0.6276,0.7625,280,0.6341,0.7494,2.512624
0.3071,0.5260,4747,0.3012,0.5323,254,0.2977,0.5383,1.718329
0.3011,0.2990,3290,0.3075,0.3063,101,0.3028,0.2804,2.073625
0.5488,0.7848,2766,0.5538,0.7953,153,0.5615,0.8023,2.403921
0.7750,0.4817,5151,0.7802,0.4827,142,0.7698,0.4864,0.784969
0.6464,0.1472,5654,0.6365,0.1371,98,0.6253,0.1271,3.238693
0.7515,0.4049,6171,0.7543,0.4031,162,0.7623,0.4015,1.266450
0.4445,0.2504,4283,0.4344,0.2559,212,0.4508,0.2376,1.573599
0.6175,0.5265,4605,0.6276,0.5236,274,0.6379,0.5225,2.307355
0.6140,0.0037,4930,0.6152,0.0090,98,0.6141,0.0199,1.796168
0.7961,0.0680,5013,0.7928,0.0596,228,0.8063,0.0621,1.306005
0.7569,0.4142,6059,0.7539,0.4091,188,0.7515,0.4049,1.198012
0.6565,0.0137,4957,0.6519,0.0217,165,0.6676,0.0125,1.238802
0.6283,0.7502,4592,0.6313,0.7498,327,0.6341,0.7494,0.651043
0.2707,0.5080,3281,0.2660,0.5116,126,0.2753,0.5055,0.588421
0.4889,0.4065,4108,0.4930,0.4098,193,0.4951,0.4234,2.002768
0.7244,0.6979,5436,0.7167,0.5866,2452,0.7864,0.7490,8.933012
0.2157,0.1496,2929,0.2201,0.1156,745,0.2220,0.0920,6.441640
0.0958,0.7914,253,0.0749,0.7494,250,0.1078,0.7581,3.931697
0.4318,0.6266,3008,0.4367,0.6232,134,0.4416,0.6198,1.321134
0.7867,0.5166,5837,0.8016,0.4872,1516,0.7627,0.5309,3.098798
0.3098,0.3594,4997,0.3361,0.4133,1556,0.3642,0.4597,12.685979
0.0768,0.6389,1782,0.0655,0.6309,1072,0.1157,0.6280,4.491858
0.0270,0.7741,175,0.0234,0.7700,175,0.0187,0.7650,1.363491
0.6781,0.7506,4500,0.6781,0.7565,157,0.6808,0.7639,1.510153
0.2693,0.3141,3986,0.2769,0.3135,296,0.2813,0.3133,1.330624
0.0278,0.6907,681,0.0263,0.6938,197,0.0247,0.6948,0.571471
0.7810,0.5478,5862,0.7721,0.5394,227,0.7627,0.5309,2.764712
0.6115,0.7848,4208,0.6102,0.7856,163,0.6087,0.7865,0.360308
0.3606,0.3409,4437,0.3653,0.3482,111,0.3504,0.3493,1.461161
0.6946,0.6839,5139,0.7107,0.6774,352,0.7175,0.6864,2.551780
0.1988,0.4436,3189,0.1990,0.4367,250,0.1992,0.4309,1.408270
0.2010,0.4077,4093,0.2078,0.3955,98,0.2124,0.3887,2.461321
0.2170,0.4754,4021,0.2400,0.4858,244,0.2440,0.4846,3.169757
0.8017,0.5041,5735,0.7947,0.5056,541,0.7867,0.5166,2.172676
0.3698,0.7280,1624,0.3760,0.7230,212,0.3823,0.7188,1.713753
0.6791,0.0019,4868,0.6794,0.0025,217,0.6797,0.0031,0.151933
0.2803,0.5253,4090,0.2788,0.5301,108,0.2760,0.5348,1.163446
0.6293,0.2514,4995,0.6362,0.2543,165,0.6429,0.2549,1.559184
0.6891,0.0445,5213,0.6925,0.0470,331,0.7031,0.0280,2.397510
0.3195,0.7815,209,0.3131,0.7918,209,0.3086,0.7972,2.120515
0.1297,0.1769,2429,0.1181,0.1710,2424,0.1029,0.1725,3.021072
